City_ID,City,Lat,Lng,Max Temp,Humidity,Cloudiness,Wind Speed,Country,Date
0,Hermanus,-34.4187,19.2345,43.81,69,2,3.96,ZA,2022-07-20 18:53:25
1,Busselton,-33.65,115.3333,56.77,95,100,11.68,AU,2022-07-20 18:58:18
2,Thompson,55.7435,-97.8558,68.16,73,75,6.91,CA,2022-07-20 18:58:18
3,Cape Town,-33.9258,18.4232,53.11,67,0,5.75,ZA,2022-07-20 18:58:19
4,Radovitskiy,55.1282,39.7956,54.23,96,15,4.94,RU,2022-07-20 18:58:19
5,Vaini,-21.2,-175.2,73.56,88,40,6.91,TO,2022-07-20 18:58:20
6,Tshikapa,-6.4167,20.8,79.65,32,8,2.21,CD,2022-07-20 18:58:20
7,Hobart,-42.8794,147.3294,35.06,93,1,5.75,AU,2022-07-20 18:54:51
8,Emmett,43.8735,-116.4993,94.37,22,0,1.01,US,2022-07-20 18:58:21
9,Launceston,-41.45,147.1667,41.34,87,100,3.44,AU,2022-07-20 18:58:22
10,Tsivilsk,55.8611,47.4664,60.01,80,75,4.97,RU,2022-07-20 18:58:22
11,Bima,-8.4667,118.7167,70.5,92,9,4.97,ID,2022-07-20 18:58:23
12,Kodiak,57.79,-152.4072,53.2,84,100,7.09,US,2022-07-20 18:58:23
13,The Valley,18.217,-63.0578,87.66,70,40,18.41,AI,2022-07-20 18:53:39
14,Punta Arenas,-53.15,-70.9167,35.71,64,75,24.16,CL,2022-07-20 18:57:46
15,Rikitea,-23.1203,-134.9692,73.18,75,0,1.19,PF,2022-07-20 18:57:38
16,Larsnes,62.2028,5.5773,61.21,93,100,6.44,NO,2022-07-20 18:58:25
17,Bluff,-46.6,168.3333,39.79,64,100,8.01,NZ,2022-07-20 18:58:25
18,Ushuaia,-54.8,-68.3,31.66,93,100,24.16,AR,2022-07-20 18:55:22
19,Ribeira Grande,38.5167,-28.7,75.6,78,20,8.05,PT,2022-07-20 18:58:26
20,Yellowknife,62.456,-114.3525,64.92,59,75,13.8,CA,2022-07-20 18:58:16
21,Lata,40.1629,-8.3327,75.63,51,0,6.02,PT,2022-07-20 18:58:27
22,Khatanga,71.9667,102.5,46.54,62,100,21.65,RU,2022-07-20 18:58:27
23,Badiraguato,25.3667,-107.5167,94.71,40,23,4.9,MX,2022-07-20 18:56:04
24,Albany,42.6001,-73.9662,96.17,44,28,1.99,US,2022-07-20 18:55:25
25,Bilma,18.6853,12.9164,97.52,13,92,7.2,NE,2022-07-20 18:58:28
26,Coquimbo,-29.9533,-71.3436,53.33,93,100,1.14,CL,2022-07-20 18:58:29
27,Puerto Ayora,-0.7393,-90.3518,76.96,96,88,8.01,EC,2022-07-20 18:58:29
28,Atuona,-9.8,-139.0333,77.65,74,7,15.64,PF,2022-07-20 18:57:52
29,Kysyl-Syr,63.8986,122.7617,55.98,95,100,4.85,RU,2022-07-20 18:58:31
30,Te Anau,-45.4167,167.7167,37.26,95,93,3.65,NZ,2022-07-20 18:58:31
31,Hithadhoo,-0.6,73.0833,80.82,69,100,1.66,MV,2022-07-20 18:58:16
32,Vila Franca Do Campo,37.7167,-25.4333,72.01,73,68,1.72,PT,2022-07-20 18:58:32
33,Dikson,73.5069,80.5464,43.27,69,11,22.37,RU,2022-07-20 18:58:32
34,Bambous Virieux,-20.3428,57.7575,71.22,73,40,14.97,MU,2022-07-20 18:58:33
35,Poum,-20.2333,164.0167,75.43,86,100,7.94,NC,2022-07-20 18:58:33
36,Kapoeta,4.7717,33.5903,74.82,72,95,7.96,SS,2022-07-20 18:58:34
37,Birjand,32.8663,59.2211,82.87,13,0,9.22,IR,2022-07-20 18:58:35
38,Bethel,41.3712,-73.414,97.74,51,12,1.01,US,2022-07-20 18:58:35
39,Avarua,-21.2078,-159.775,71.65,78,75,12.66,CK,2022-07-20 18:58:36
40,Dingle,10.9995,122.6711,76.93,88,95,1.97,PH,2022-07-20 18:56:02
41,Mahebourg,-20.4081,57.7,71.26,73,40,14.97,MU,2022-07-20 18:57:42
42,Mataura,-46.1927,168.8643,39.47,92,100,1.7,NZ,2022-07-20 18:58:07
43,Bredasdorp,-34.5322,20.0403,47.19,86,2,4.38,ZA,2022-07-20 18:59:37
44,Berlevag,70.8578,29.0864,55.4,94,100,2.3,NO,2022-07-20 18:58:39
45,Kaitangata,-46.2817,169.8464,41.11,82,100,5.77,NZ,2022-07-20 18:59:38
46,Castro,-24.7911,-50.0119,70.36,63,1,4.43,BR,2022-07-20 18:57:24
47,Gamba,-2.65,10.0,70.3,92,83,6.64,GA,2022-07-20 18:59:39
48,Linden,6.0,-58.3,82.74,83,100,2.1,GY,2022-07-20 18:59:39
49,Alekseyevsk,57.8406,108.3492,52.97,98,8,5.06,RU,2022-07-20 18:59:31
50,Srednekolymsk,67.45,153.6833,45.77,74,100,6.76,RU,2022-07-20 18:59:40
51,Sombrio,-29.1139,-49.6167,68.27,76,0,8.52,BR,2022-07-20 18:59:40
52,Dom Pedrito,-30.9828,-54.6731,68.85,82,0,8.05,BR,2022-07-20 18:59:41
53,Kamyzyak,46.11,48.0736,67.98,83,75,8.95,RU,2022-07-20 18:59:41
54,Jharsuguda,21.85,84.0333,79.36,84,100,6.49,IN,2022-07-20 18:59:42
55,Anta,25.15,76.3,85.12,74,100,11.01,IN,2022-07-20 18:55:33
56,Kruisfontein,-34.0033,24.7314,54.88,92,92,3.15,ZA,2022-07-20 18:59:43
57,Goundam,16.4145,-3.6708,86.0,55,100,9.13,ML,2022-07-20 18:59:43
58,Yulara,-25.2406,130.9889,46.69,48,5,11.05,AU,2022-07-20 18:59:44
59,Bengkulu,-3.8004,102.2655,76.5,90,91,2.86,ID,2022-07-20 18:59:44
60,Tuktoyaktuk,69.4541,-133.0374,55.4,82,75,12.66,CA,2022-07-20 18:59:45
61,Barrow,71.2906,-156.7887,45.37,69,31,6.22,US,2022-07-20 18:59:06
62,Talnakh,69.4865,88.3972,52.21,71,100,2.8,RU,2022-07-20 18:59:46
63,Constitucion,-35.3333,-72.4167,58.73,71,5,7.2,CL,2022-07-20 18:58:23
64,Port Alfred,-33.5906,26.891,56.17,96,100,6.85,ZA,2022-07-20 18:59:47
65,Sao Desiderio,-12.3633,-44.9733,89.91,19,5,9.19,BR,2022-07-20 18:59:47
66,Kigali,-1.95,30.0588,72.88,43,40,3.44,RW,2022-07-20 18:59:48
67,Lebu,-37.6167,-73.65,53.24,95,100,11.43,CL,2022-07-20 18:58:58
68,Cabo San Lucas,22.8909,-109.9124,94.6,63,89,7.72,MX,2022-07-20 18:58:30
69,Olafsvik,64.8945,-23.7142,51.39,76,99,12.5,IS,2022-07-20 18:59:49
70,Los Llanos De Aridane,28.6585,-17.9182,71.35,78,20,17.27,ES,2022-07-20 18:59:49
71,Goderich,43.7501,-81.7165,85.91,58,100,19.57,CA,2022-07-20 18:59:50
72,Huambo,-12.7761,15.7392,64.33,32,63,4.18,AO,2022-07-20 18:59:50
73,Airai,-8.9266,125.4092,56.86,94,82,3.31,TL,2022-07-20 18:58:56
74,Tambovka,50.0969,128.0489,62.42,90,3,3.85,RU,2022-07-20 18:59:51
75,Chuy,-33.6971,-53.4616,60.62,83,0,8.9,UY,2022-07-20 18:58:44
76,Seoul,37.5683,126.9778,74.8,91,100,16.11,KR,2022-07-20 18:57:07
77,Viseu,40.661,-7.9097,84.85,38,0,5.86,PT,2022-07-20 18:56:48
78,Jamestown,42.097,-79.2353,88.02,53,75,13.8,US,2022-07-20 18:55:59
79,Kupang,-10.1667,123.5833,74.16,87,98,9.13,ID,2022-07-20 18:59:53
80,Marawi,7.9986,124.2928,69.91,94,50,3.53,PH,2022-07-20 18:59:53
81,New Norfolk,-42.7826,147.0587,33.71,88,6,2.35,AU,2022-07-20 18:57:54
82,Severo-Kurilsk,50.6789,156.125,51.48,98,100,12.82,RU,2022-07-20 18:59:54
83,Iralaya,15.0,-83.2333,84.07,72,100,9.37,HN,2022-07-20 18:59:54
84,Sao Filipe,14.8961,-24.4956,76.53,88,88,3.36,CV,2022-07-20 18:59:26
85,Pangnirtung,66.1451,-65.7125,48.2,87,100,6.91,CA,2022-07-20 18:59:55
86,Mackay,-21.15,149.2,65.68,92,100,15.46,AU,2022-07-20 18:59:56
87,Kandrian,-6.2167,149.55,75.94,92,100,4.52,PG,2022-07-20 18:59:56
88,Georgetown,5.4112,100.3354,81.9,90,20,2.3,MY,2022-07-20 18:55:19
89,Tagusao,9.1924,117.8141,78.91,83,92,3.71,PH,2022-07-20 19:00:57
90,Saint George,37.1041,-113.5841,107.64,19,27,5.01,US,2022-07-20 19:00:01
91,Thinadhoo,0.5333,72.9333,81.34,73,100,9.53,MV,2022-07-20 18:58:13
92,Qaanaaq,77.484,-69.3632,41.18,80,100,4.9,GL,2022-07-20 19:00:58
93,Akranes,64.3218,-22.0749,52.36,76,100,9.19,IS,2022-07-20 19:00:59
94,Balkanabat,39.5108,54.3671,89.35,40,0,6.71,TM,2022-07-20 19:00:59
95,Gorom-Gorom,14.4439,-0.2361,87.62,50,100,14.25,BF,2022-07-20 19:01:00
96,Houlton,46.1262,-67.8403,81.01,39,0,11.5,US,2022-07-20 19:01:00
97,Mangrol,21.1167,70.1167,80.62,85,28,18.03,IN,2022-07-20 19:01:01
98,Lagoa,39.05,-27.9833,72.3,76,6,5.3,PT,2022-07-20 18:58:16
99,Ode,7.7899,5.7117,71.96,75,100,4.27,NG,2022-07-20 19:01:02
100,Coihaique,-45.5752,-72.0662,36.21,80,75,2.3,CL,2022-07-20 18:58:59
101,Caramoran,13.9849,124.1347,80.64,87,98,6.82,PH,2022-07-20 19:01:03
102,Mount Isa,-20.7333,139.5,53.37,37,0,9.22,AU,2022-07-20 19:01:04
103,Egvekinot,66.3167,-179.1667,35.4,66,32,10.29,RU,2022-07-20 19:01:05
104,Baruun-Urt,46.6806,113.2792,67.5,55,36,8.08,MN,2022-07-20 19:01:05
105,Cahul,45.9075,28.1944,76.95,35,19,1.54,MD,2022-07-20 18:59:08
106,Ambovombe,-25.1667,46.0833,66.61,65,0,4.38,MG,2022-07-20 19:01:06
107,Kapaa,22.0752,-159.319,80.58,82,22,3.0,US,2022-07-20 19:01:07
108,Butaritari,3.0707,172.7902,81.25,78,63,10.42,KI,2022-07-20 18:58:25
109,Mount Gambier,-37.8333,140.7667,38.97,85,0,5.84,AU,2022-07-20 19:00:47
110,Gravelbourg,49.8834,-106.5512,72.91,38,0,15.01,CA,2022-07-20 19:01:08
111,San Cristobal,7.7669,-72.225,77.18,55,90,7.92,VE,2022-07-20 18:58:41
112,Tasiilaq,65.6145,-37.6368,42.96,80,30,1.74,GL,2022-07-20 19:01:09
113,Iqaluit,63.7506,-68.5145,50.7,81,100,8.01,CA,2022-07-20 19:01:10
114,Hofn,64.2539,-15.2082,55.42,82,75,8.05,IS,2022-07-20 19:01:10
115,Kudahuvadhoo,2.6708,72.8944,80.92,73,100,13.35,MV,2022-07-20 19:01:11
116,Baghdad,33.3406,44.4009,105.71,15,0,16.11,IQ,2022-07-20 18:57:25
117,Waterloo,43.4668,-80.5164,86.65,70,47,14.0,CA,2022-07-20 19:00:37
118,Cherskiy,68.75,161.3,38.55,79,47,12.37,RU,2022-07-20 18:59:11
119,Salalah,17.0151,54.0924,76.64,96,88,6.11,OM,2022-07-20 19:01:13
120,Kavieng,-2.5744,150.7967,81.03,79,77,11.32,PG,2022-07-20 19:01:13
121,Biltine,14.5333,20.9167,78.91,60,100,10.33,TD,2022-07-20 18:58:19
122,Aklavik,68.2191,-135.0107,65.05,50,100,2.46,CA,2022-07-20 19:01:14
123,Norman Wells,65.282,-126.8329,69.84,49,75,4.61,CA,2022-07-20 18:58:01
124,Hasaki,35.7333,140.8333,75.6,83,100,8.14,JP,2022-07-20 19:00:52
125,Catumbela,-12.4314,13.5472,67.21,91,30,1.9,AO,2022-07-20 19:01:16
126,Mar Del Plata,-38.0023,-57.5575,64.94,50,0,15.99,AR,2022-07-20 19:01:16
127,Christchurch,-43.5333,172.6333,43.0,93,75,27.63,NZ,2022-07-20 18:56:44
128,Hilo,19.7297,-155.09,80.28,87,64,3.0,US,2022-07-20 19:01:17
129,Rio Gallegos,-51.6226,-69.2181,35.44,69,100,37.94,AR,2022-07-20 19:01:18
130,Usinsk,65.9939,57.5281,62.46,62,3,9.19,RU,2022-07-20 19:01:18
131,Balkhash,46.844,74.9804,76.15,43,0,11.54,KZ,2022-07-20 19:01:19
132,Aktas,49.7789,72.9608,78.55,49,83,10.63,KZ,2022-07-20 19:01:20
133,Rio Grande,-32.035,-52.0986,67.95,85,0,11.34,BR,2022-07-20 19:01:20
134,Ilulissat,69.2167,-51.1,60.82,39,75,14.97,GL,2022-07-20 19:01:21
135,Lyubytino,58.8122,33.3922,61.29,92,32,9.89,RU,2022-07-20 19:01:21
136,Broken Hill,-31.95,141.4333,46.67,92,100,12.19,AU,2022-07-20 19:01:22
137,Shingu,33.7333,135.9833,74.82,72,100,5.12,JP,2022-07-20 19:00:05
138,Iquique,-20.2208,-70.1431,63.81,67,100,3.76,CL,2022-07-20 19:02:20
139,San Patricio,28.017,-97.5169,95.09,43,0,20.09,US,2022-07-20 19:02:23
140,Karratha,-20.7377,116.8463,66.56,62,1,3.74,AU,2022-07-20 19:02:05
141,Laguna,38.421,-121.4238,98.08,34,0,5.75,US,2022-07-20 18:58:45
142,Zhigansk,66.7697,123.3711,48.29,70,99,15.5,RU,2022-07-20 19:02:24
143,Palu,-0.8917,119.8707,74.89,91,4,2.98,ID,2022-07-20 19:02:24
144,Outlook,51.5001,-107.0513,73.24,36,0,17.18,CA,2022-07-20 19:00:36
145,Innisfail,-17.5333,146.0333,66.09,88,90,5.35,AU,2022-07-20 18:59:33
146,Port Elizabeth,-33.918,25.5701,57.09,95,100,3.0,ZA,2022-07-20 19:02:25
147,Narsaq,60.9167,-46.05,57.42,85,94,2.59,GL,2022-07-20 19:02:26
148,Chancay,-11.5714,-77.2672,64.54,75,82,8.95,PE,2022-07-20 19:02:26
149,Geraldton,-28.7667,114.6,68.41,88,75,13.8,AU,2022-07-20 18:57:33
150,Russell,32.3502,-85.1999,93.38,46,41,2.64,US,2022-07-20 19:02:27
151,Port-Gentil,-0.7193,8.7815,75.16,88,100,9.22,GA,2022-07-20 19:02:28
152,Ust-Tsilma,65.441,52.1498,64.33,64,59,5.26,RU,2022-07-20 19:02:28
153,Elizabeth City,36.2946,-76.2511,96.06,65,63,14.05,US,2022-07-20 19:02:29
154,East London,-33.0153,27.9116,62.51,81,87,5.95,ZA,2022-07-20 19:01:51
155,Clyde River,70.4692,-68.5914,39.43,100,100,9.22,CA,2022-07-20 18:59:09
156,Kudymkar,59.0173,54.656,53.69,93,94,3.91,RU,2022-07-20 19:02:30
157,Mahibadhoo,3.7833,72.9667,78.98,80,100,12.8,MV,2022-07-20 19:02:02
158,Carnarvon,-24.8667,113.6333,70.81,77,0,16.53,AU,2022-07-20 19:02:30
159,Matamoros,25.5333,-103.25,95.11,21,40,5.75,MX,2022-07-20 19:02:31
160,Kattivakkam,13.2167,80.3167,84.07,83,93,12.24,IN,2022-07-20 19:02:31
161,Longyan,25.1072,117.0225,75.09,96,100,2.42,CN,2022-07-20 19:02:32
162,Broome,42.2506,-75.833,94.69,50,0,3.0,US,2022-07-20 18:58:40
163,Chokurdakh,70.6333,147.9167,41.13,77,76,8.55,RU,2022-07-20 19:02:33
164,Umea,63.8284,20.2597,62.53,72,0,4.61,SE,2022-07-20 19:02:33
165,Arraial Do Cabo,-22.9661,-42.0278,75.16,78,40,10.36,BR,2022-07-20 18:58:59
166,Buala,-8.145,159.5921,78.73,82,100,6.64,SB,2022-07-20 18:58:37
167,Naryan-Mar,67.6713,53.087,50.97,85,8,13.87,RU,2022-07-20 19:02:34
168,Nana,44.2667,26.5833,84.72,29,0,4.5,RO,2022-07-20 19:02:35
169,Saint-Philippe,-21.3585,55.7679,67.59,75,38,15.37,RE,2022-07-20 18:58:16
170,Hamilton,39.1834,-84.5333,93.88,65,75,16.11,US,2022-07-20 19:02:36
171,Alanya,36.5438,31.9998,82.42,58,0,3.0,TR,2022-07-20 18:58:00
172,Hammerfest,70.6634,23.6821,63.05,67,0,8.05,NO,2022-07-20 19:02:37
173,Salym,60.0625,71.4789,60.06,84,99,4.16,RU,2022-07-20 19:02:37
174,Krasnovishersk,60.4078,57.082,55.27,94,72,1.41,RU,2022-07-20 19:02:38
175,Pietarsaari,63.65,22.6833,64.47,70,35,2.19,FI,2022-07-20 19:02:38
176,Codrington,-38.2667,141.9667,38.57,84,0,8.5,AU,2022-07-20 19:02:39
177,Sandviken,60.6167,16.7667,73.31,53,75,4.03,SE,2022-07-20 19:02:39
178,Ambilobe,-13.2,49.05,70.05,65,8,10.2,MG,2022-07-20 19:02:40
179,Fairhope,30.523,-87.9033,93.74,77,40,5.75,US,2022-07-20 19:02:41
180,Lompoc,34.6391,-120.4579,91.69,67,42,3.0,US,2022-07-20 18:59:22
181,Acapulco,16.8634,-99.8901,87.66,69,24,6.31,MX,2022-07-20 19:00:52
182,Avera,33.194,-82.5271,89.38,44,98,9.89,US,2022-07-20 19:03:41
183,Mount Pleasant,32.7941,-79.8626,91.13,89,75,14.97,US,2022-07-20 19:00:36
184,Xining,36.6167,101.7667,54.28,72,92,2.71,CN,2022-07-20 19:03:42
185,Husavik,66.0449,-17.3389,46.18,87,100,7.56,IS,2022-07-20 19:03:43
186,Turukhansk,65.8167,87.9833,51.17,94,100,8.19,RU,2022-07-20 19:01:06
187,Cap-Aux-Meules,47.3821,-61.8597,64.13,81,99,24.23,CA,2022-07-20 19:03:44
188,Mananjary,-21.2167,48.3333,66.72,87,60,6.49,MG,2022-07-20 19:03:44
189,Arlit,18.7369,7.3853,93.63,29,68,7.29,NE,2022-07-20 19:03:45
190,Pamplona,42.8169,-1.6432,71.51,64,20,17.27,ES,2022-07-20 19:03:45
191,Lazaro Cardenas,17.9583,-102.2,88.54,64,8,8.12,MX,2022-07-20 19:03:46
192,Muros,42.7762,-9.0603,79.68,69,2,14.65,ES,2022-07-20 19:03:46
193,Meulaboh,4.1363,96.1285,75.87,87,100,3.62,ID,2022-07-20 19:03:47
194,La Reforma,25.0833,-108.05,92.12,51,46,9.1,MX,2022-07-20 19:03:47
195,Port Hardy,50.6996,-127.4199,59.81,79,3,7.43,CA,2022-07-20 19:03:48
196,Madang,-5.2246,145.7966,75.6,92,100,2.75,PG,2022-07-20 19:03:48
197,Naze,28.3667,129.4833,81.1,89,80,16.11,JP,2022-07-20 19:03:49
198,Upernavik,72.7868,-56.1549,48.47,69,46,9.26,GL,2022-07-20 19:03:49
199,Kungurtug,50.5994,97.5228,47.57,78,100,0.72,RU,2022-07-20 19:01:44
200,Zaranj,30.9667,61.8833,96.87,11,1,17.92,AF,2022-07-20 19:03:50
201,Esperance,-33.8667,121.9,61.56,52,100,19.13,AU,2022-07-20 19:03:51
202,Brownwood,31.7093,-98.9912,111.2,30,8,8.21,US,2022-07-20 19:03:51
203,Tessalit,20.1986,1.0114,78.57,66,97,6.51,ML,2022-07-20 19:03:52
204,Saskylakh,71.9167,114.0833,37.27,90,68,12.39,RU,2022-07-20 19:03:52
205,Pevek,69.7008,170.3133,31.26,94,98,13.4,RU,2022-07-20 18:58:53
206,Naklo Nad Notecia,53.1421,17.6018,82.44,38,96,9.48,PL,2022-07-20 19:03:53
207,Oriximina,-1.7656,-55.8661,84.94,62,90,3.49,BR,2022-07-20 19:03:54
208,Itarema,-2.9248,-39.9167,82.36,62,88,15.61,BR,2022-07-20 19:03:54
209,Torbay,47.6666,-52.7314,70.57,77,88,7.0,CA,2022-07-20 19:00:44
210,Ponta Do Sol,32.6667,-17.1,76.71,77,2,4.74,PT,2022-07-20 19:03:55
211,Praya,14.9215,-23.5087,79.21,77,54,3.67,CV,2022-07-20 19:01:14
212,Yamoussoukro,6.8206,-5.2767,72.57,80,100,3.87,CI,2022-07-20 19:03:55
213,Nikolskoye,59.7035,30.7861,71.87,57,100,11.52,RU,2022-07-20 19:03:56
214,Mecca,21.4267,39.8261,90.32,41,82,1.74,SA,2022-07-20 19:00:10
215,North Bend,43.4065,-124.2243,65.16,88,100,4.61,US,2022-07-20 19:00:34
216,Ferrol,43.4832,-8.2369,72.12,79,1,18.54,ES,2022-07-20 19:03:57
217,Faya,18.3851,42.4509,66.72,61,100,7.83,SA,2022-07-20 19:03:57
218,Farafangana,-22.8167,47.8333,68.2,84,80,10.4,MG,2022-07-20 19:02:15
219,Itambe,-15.245,-40.6244,75.43,60,98,5.35,BR,2022-07-20 19:03:58
220,Longyearbyen,78.2186,15.6401,49.84,87,75,10.36,SJ,2022-07-20 19:03:59
221,Shimoda,34.6667,138.95,76.1,83,100,3.2,JP,2022-07-20 19:03:59
222,Sarangani,5.4033,125.4636,82.4,72,90,2.26,PH,2022-07-20 19:04:00
223,High Level,58.5169,-117.136,75.24,30,5,10.85,CA,2022-07-20 19:00:37
224,Mocuba,-16.8392,36.9856,66.88,82,23,3.69,MZ,2022-07-20 19:04:01
225,Riyadh,24.6877,46.7219,98.74,9,98,10.85,SA,2022-07-20 19:00:17
226,Areka,7.0667,37.7,59.4,88,100,2.77,ET,2022-07-20 19:05:02
227,Sijunjung,-0.6876,100.9537,70.05,95,89,2.15,ID,2022-07-20 19:05:03
228,Darnah,32.767,22.6367,75.96,66,0,25.28,LY,2022-07-20 19:05:03
229,Byron Bay,-28.65,153.6167,55.94,72,100,15.5,AU,2022-07-20 19:05:04
230,Ishinomaki,38.4167,141.3,69.04,93,61,5.64,JP,2022-07-20 19:05:04
231,Buin,-33.7333,-70.75,72.43,38,0,3.04,CL,2022-07-20 19:05:05
232,Port Blair,11.6667,92.75,78.48,83,100,9.15,IN,2022-07-20 19:05:05
233,Nelson Bay,-32.7167,152.15,61.0,77,43,11.99,AU,2022-07-20 19:01:23
234,Hovd,48.0056,91.6419,55.94,57,13,3.38,MN,2022-07-20 19:05:06
235,Vestmannaeyjar,63.4427,-20.2734,54.59,87,20,16.11,IS,2022-07-20 19:05:07
236,Puerto Escondido,15.85,-97.0667,88.63,62,75,5.75,MX,2022-07-20 19:04:35
237,Shimanovsk,52.0,127.7,58.28,91,16,5.06,RU,2022-07-20 19:05:07
238,Troitsko-Pechorsk,62.7084,56.1964,58.68,91,99,1.81,RU,2022-07-20 19:05:08
239,Qaqortoq,60.7167,-46.0333,53.89,79,82,6.08,GL,2022-07-20 19:05:09
240,Taraz,42.9,71.3667,75.61,29,0,4.47,KZ,2022-07-20 19:04:06
241,Sainte-Suzanne,-20.9061,55.6089,69.98,69,75,17.27,RE,2022-07-20 19:05:09
242,Ewa Beach,21.3156,-158.0072,80.6,62,40,16.11,US,2022-07-20 19:05:02
243,Oranjemund,-28.55,16.4333,53.91,80,18,20.8,NA,2022-07-20 19:05:10
244,Ous,60.9058,61.5186,58.6,96,100,7.07,RU,2022-07-20 19:05:11
245,Gornopravdinsk,60.05,69.9,61.97,77,99,4.16,RU,2022-07-20 19:05:12
246,Sabha,27.0377,14.4283,87.26,18,0,9.98,LY,2022-07-20 19:05:12
247,Mantua,45.1667,10.7833,91.09,50,0,1.99,IT,2022-07-20 19:05:13
248,Grindavik,63.8424,-22.4338,52.27,82,75,17.27,IS,2022-07-20 19:03:36
249,Tateyama,34.9833,139.8667,77.09,83,24,7.94,JP,2022-07-20 19:05:13
250,Bandarbeyla,9.4942,50.8122,77.94,66,98,26.31,SO,2022-07-20 19:05:14
251,Sisimiut,66.9395,-53.6735,49.03,76,100,4.16,GL,2022-07-20 19:03:15
252,Basco,20.4487,121.9702,85.39,76,25,11.97,PH,2022-07-20 19:05:15
253,Pio Xii,-3.8325,-45.1525,89.73,42,88,3.22,BR,2022-07-20 19:05:16
254,Nampa,43.5407,-116.5635,94.03,23,0,5.75,US,2022-07-20 19:05:16
255,Vila Velha,-20.3297,-40.2925,76.95,77,0,11.5,BR,2022-07-20 19:05:17
256,Provideniya,64.3833,-173.3,42.57,77,99,17.36,RU,2022-07-20 19:05:18
257,Kahului,20.8947,-156.47,78.82,61,20,14.97,US,2022-07-20 19:05:18
258,Hanna,51.6334,-111.9018,70.86,45,0,5.99,CA,2022-07-20 19:00:34
259,Alofi,-19.0595,-169.9187,76.05,71,1,24.34,NU,2022-07-20 19:05:19
260,Matara,5.9485,80.5353,77.56,88,92,12.57,LK,2022-07-20 19:05:19
261,Acari,-15.4311,-74.6158,74.25,51,62,8.55,PE,2022-07-20 19:05:20
262,Ballina,-28.8667,153.5667,56.01,94,100,15.43,AU,2022-07-20 19:05:20
263,Daugavpils,55.8833,26.5333,58.28,72,0,7.85,LV,2022-07-20 19:00:33
264,Sibolga,1.7427,98.7792,75.85,88,97,3.36,ID,2022-07-20 19:05:21
265,Buckeye,33.3703,-112.5838,106.38,27,88,3.44,US,2022-07-20 19:03:04
266,Faanui,-16.4833,-151.75,77.56,66,0,9.64,PF,2022-07-20 19:04:28
267,Victor Harbor,-35.5667,138.6167,43.68,78,38,7.43,AU,2022-07-20 19:05:22
268,Jiuquan,39.7432,98.5174,60.46,75,100,16.84,CN,2022-07-20 19:05:23
269,Moerai,-22.4333,-151.3333,71.71,72,100,35.32,PF,2022-07-20 19:05:24
270,Tucupita,9.0622,-62.051,82.92,84,100,3.56,VE,2022-07-20 19:06:24
271,Sitka,57.0531,-135.33,53.49,82,100,11.5,US,2022-07-20 19:06:24
272,Dakar,14.6937,-17.4441,83.28,82,100,10.67,SN,2022-07-20 19:06:25
273,Domoni,-12.2569,44.5319,74.05,75,0,4.5,KM,2022-07-20 19:06:25
274,Apopka,28.6806,-81.5095,96.1,50,37,7.18,US,2022-07-20 19:06:26
275,Vardo,70.3705,31.1107,53.58,94,100,0.0,NO,2022-07-20 19:06:26
276,Abnub,27.2696,31.1511,89.96,21,2,9.69,EG,2022-07-20 19:06:27
277,Guerrero Negro,27.9769,-114.0611,82.36,47,27,12.12,MX,2022-07-20 19:06:28
278,Santiago,-33.4569,-70.6483,71.55,34,2,3.58,CL,2022-07-20 19:02:10
279,Komsomolskiy,40.4272,71.7189,83.12,32,0,9.22,UZ,2022-07-20 19:06:29
280,Rauseni,47.5667,27.2,80.24,43,5,13.6,RO,2022-07-20 19:06:29
281,Ulcinj,41.9294,19.2244,86.22,43,0,10.42,ME,2022-07-20 19:06:30
282,Strathpeffer,57.588,-4.5382,64.15,71,51,8.19,GB,2022-07-20 19:06:30
283,Flinders,-34.5833,150.8552,51.19,93,100,4.0,AU,2022-07-20 19:06:31
284,Yar-Sale,66.8333,70.8333,52.45,73,1,11.68,RU,2022-07-20 19:06:31
285,Choya,52.0108,86.5467,54.27,75,27,4.83,RU,2022-07-20 19:06:32
286,Eyl,7.9803,49.8164,75.42,80,48,20.47,SO,2022-07-20 19:02:19
287,Tahta,26.7693,31.5021,91.33,19,58,8.86,EG,2022-07-20 19:06:33
288,Oktyabrskiy,54.4815,53.471,59.11,80,93,3.02,RU,2022-07-20 19:06:33
289,Pitimbu,-7.4706,-34.8086,77.59,82,66,11.68,BR,2022-07-20 19:06:34
290,Cabedelo,-6.9811,-34.8339,77.67,81,36,12.71,BR,2022-07-20 19:06:34
291,Samarai,-10.6167,150.6667,79.92,80,27,9.06,PG,2022-07-20 19:06:35
292,Vao,-22.6667,167.4833,73.85,87,93,8.28,NC,2022-07-20 19:06:36
293,Newcastle,-32.9272,151.7765,60.71,85,88,5.01,AU,2022-07-20 19:06:37
294,San Javier,37.8063,-0.8374,86.58,72,75,9.22,ES,2022-07-20 19:06:37
295,Pingliang,35.5392,106.6861,63.3,88,0,3.78,CN,2022-07-20 19:06:38
296,Nara,34.6851,135.8049,77.5,67,99,1.39,JP,2022-07-20 19:06:38
297,Chilca,-12.5211,-76.7372,63.32,79,19,8.72,PE,2022-07-20 19:06:39
298,Ayagoz,47.9714,80.4392,66.96,30,12,8.84,KZ,2022-07-20 19:06:39
299,Azle,32.8951,-97.5459,108.81,30,0,12.66,US,2022-07-20 19:05:50
300,Havre-Saint-Pierre,50.2334,-63.5986,70.75,62,100,15.75,CA,2022-07-20 19:06:40
301,Nador,35.174,-2.9287,80.85,78,40,4.61,MA,2022-07-20 19:06:41
302,Sobolevo,54.4299,31.8996,58.84,68,90,11.36,RU,2022-07-20 19:06:41
303,Zhuhai,22.2769,113.5678,85.86,79,20,6.91,CN,2022-07-20 19:06:42
304,Kiama,-34.6833,150.8667,51.39,95,100,1.99,AU,2022-07-20 19:06:42
305,Roma,43.2128,-75.4557,94.35,49,40,8.05,US,2022-07-20 19:06:43
306,Fuyu,45.1833,124.8167,72.12,84,94,2.08,CN,2022-07-20 19:05:16
307,Noyabrsk,63.1994,75.4507,59.27,59,87,2.77,RU,2022-07-20 19:06:44
308,Komatipoort,-25.4332,31.9548,67.05,58,100,1.5,ZA,2022-07-20 19:06:44
309,Tiksi,71.6872,128.8694,36.61,94,99,14.36,RU,2022-07-20 19:04:29
310,Atar,20.5169,-13.0499,106.56,7,59,6.93,MR,2022-07-20 19:06:45
311,Deer Lake,49.1667,-57.4316,64.26,88,100,16.11,CA,2022-07-20 19:05:52
312,Bagdarin,54.4333,113.6,56.05,94,39,4.07,RU,2022-07-20 19:06:46
313,Akyab,20.15,92.9,81.16,86,100,4.85,MM,2022-07-20 19:06:47
314,Dickinson,29.4608,-95.0513,101.12,61,75,13.8,US,2022-07-20 19:03:12
315,Salas,43.4118,-6.2602,66.34,83,66,5.12,ES,2022-07-20 19:07:47
316,Hohhot,40.8106,111.6522,69.12,48,84,1.88,CN,2022-07-20 19:07:48
317,Dawei,14.0833,98.2,76.62,92,100,1.34,MM,2022-07-20 19:07:48
318,Inta,66.0317,60.1659,63.99,60,96,7.76,RU,2022-07-20 19:07:49
319,Zhigalovo,54.8097,105.1578,52.48,94,100,0.94,RU,2022-07-20 19:07:49
320,Kedrovyy,56.1667,91.8167,50.41,96,100,4.25,RU,2022-07-20 19:07:50
321,Comodoro Rivadavia,-45.8667,-67.5,48.06,31,0,29.93,AR,2022-07-20 19:07:50
322,Bathsheba,13.2167,-59.5167,88.41,74,75,14.97,BB,2022-07-20 19:07:50
323,Celestun,20.8667,-90.4,89.02,58,6,16.02,MX,2022-07-20 19:07:51
324,Myrtle Beach,33.6891,-78.8867,95.05,74,20,17.27,US,2022-07-20 19:06:23
325,Kushikino,31.7167,130.2667,81.09,97,100,8.16,JP,2022-07-20 19:07:52
326,Atambua,-9.1061,124.8925,69.82,90,100,4.68,ID,2022-07-20 19:07:52
327,Camacha,33.0833,-16.3333,69.22,73,40,14.97,PT,2022-07-20 19:07:53
328,Santa Luzia,-19.7697,-43.8514,74.3,34,1,10.42,BR,2022-07-20 19:07:53
329,Ducheng,23.2373,111.5317,77.76,95,100,3.0,CN,2022-07-20 19:05:16
330,Portland,45.5234,-122.6762,86.47,51,0,8.05,US,2022-07-20 19:05:48
331,Tilichiki,60.4667,166.1,50.88,55,6,6.31,RU,2022-07-20 19:07:54
332,Vila,42.0304,-8.1588,77.7,45,0,3.15,PT,2022-07-20 19:04:50
333,Livenka,50.4491,38.2959,58.73,94,100,9.95,RU,2022-07-20 19:07:55
334,Olean,42.0776,-78.4297,90.18,51,40,11.5,US,2022-07-20 19:06:47
335,Labuhan,-6.8844,112.2051,74.89,82,0,10.69,ID,2022-07-20 19:07:56
336,Mwinilunga,-11.7358,24.4293,69.69,41,100,6.11,ZM,2022-07-20 19:07:57
337,Nauchnyy Gorodok,53.4203,83.521,67.06,52,40,8.95,RU,2022-07-20 19:07:57
338,Alice Springs,-23.7,133.8833,35.15,69,0,0.0,AU,2022-07-20 19:07:57
339,Itaituba,-4.2761,-55.9836,86.5,56,100,1.14,BR,2022-07-20 19:07:58
340,Jinka,5.65,36.65,67.57,60,99,1.88,ET,2022-07-20 19:07:58
341,Honningsvag,70.9821,25.9704,51.55,100,100,2.3,NO,2022-07-20 19:07:59
342,Abalak,58.1286,68.5944,60.08,94,100,1.88,RU,2022-07-20 19:07:59
343,Mandalgovi,45.7625,106.2708,60.19,71,100,18.95,MN,2022-07-20 19:08:00
344,Kigoma,-4.8769,29.6267,75.13,59,3,5.37,TZ,2022-07-20 19:08:00
345,Waingapu,-9.6567,120.2641,70.23,85,8,8.3,ID,2022-07-20 19:08:01
346,Gimli,50.6336,-96.9907,76.23,61,8,19.33,CA,2022-07-20 19:08:01
347,Waipawa,-41.4122,175.5153,44.04,91,100,16.31,NZ,2022-07-20 19:08:02
348,Pouembout,-21.1333,164.9,72.27,91,100,4.85,NC,2022-07-20 19:08:03
349,Monkey Bay,-14.0728,34.9201,75.54,52,98,10.29,MW,2022-07-20 19:08:03
350,Dunedin,-45.8742,170.5036,42.8,83,100,11.99,NZ,2022-07-20 19:07:46
351,Half Moon Bay,37.4636,-122.4286,81.05,70,100,17.27,US,2022-07-20 19:03:06
352,Bonthe,7.5264,-12.505,74.53,91,100,9.44,SL,2022-07-20 19:08:04
353,Sandpoint,48.2766,-116.5533,86.02,39,0,5.75,US,2022-07-20 19:08:05
354,Pacific Grove,36.6177,-121.9166,76.21,86,40,11.5,US,2022-07-20 19:08:05
355,Fort-Shevchenko,44.5086,50.263,77.86,63,100,21.12,KZ,2022-07-20 19:08:06
356,Touros,-5.1989,-35.4608,79.38,72,100,14.5,BR,2022-07-20 19:08:07
357,Todos Santos,23.45,-110.2167,100.31,81,31,10.63,MX,2022-07-20 19:08:07
358,Pedernales,18.0384,-71.744,90.81,53,12,2.13,DO,2022-07-20 19:08:08
359,Dalhousie,32.5333,75.9833,61.84,91,100,4.12,IN,2022-07-20 19:08:08
360,Marsh Harbour,26.5412,-77.0636,83.68,70,1,11.65,BS,2022-07-20 19:05:31
361,Havoysund,70.9963,24.6622,52.03,84,80,9.75,NO,2022-07-20 19:09:09
362,Mogadishu,2.0371,45.3438,75.47,81,100,17.63,SO,2022-07-20 19:09:09
363,Rock Springs,41.5875,-109.2029,87.24,18,0,18.41,US,2022-07-20 19:09:10
364,Alekseyevka,50.6309,38.6903,59.74,93,100,13.04,RU,2022-07-20 19:09:10
365,Lorengau,-2.0226,147.2712,79.34,80,95,3.71,PG,2022-07-20 19:09:11
366,Saint-Jovite,46.1186,-74.5966,83.44,64,67,8.08,CA,2022-07-20 19:09:12
367,Port Lincoln,-34.7333,135.8667,50.4,79,13,8.34,AU,2022-07-20 19:06:00
368,Nichinan,31.6,131.3667,80.55,90,100,8.16,JP,2022-07-20 19:08:40
369,Mutoko,-17.397,32.2268,60.13,61,45,7.52,ZW,2022-07-20 19:09:13
370,Havelock,34.8791,-76.9013,92.01,81,40,17.27,US,2022-07-20 19:09:13
371,Ossora,59.2353,163.0719,57.97,77,70,2.93,RU,2022-07-20 19:09:14
372,Kushima,31.4583,131.2333,80.47,92,100,6.73,JP,2022-07-20 19:09:14
373,Melfi,40.9965,15.6514,76.5,33,0,1.99,IT,2022-07-20 19:09:15
374,Pop,40.8736,71.1089,79.29,17,0,1.95,UZ,2022-07-20 19:09:16
375,Marigot,18.0667,-63.0833,86.09,70,40,17.27,MF,2022-07-20 19:08:42
376,Tiarei,-17.5333,-149.3333,78.82,72,2,9.55,PF,2022-07-20 19:09:16
377,Pokhvistnevo,53.6524,52.1274,62.15,67,81,3.53,RU,2022-07-20 19:09:17
378,Wuzhou,23.4833,111.3167,76.41,96,100,2.95,CN,2022-07-20 19:09:17
379,Jamame,0.0722,42.7506,73.94,79,99,11.34,SO,2022-07-20 19:09:18
380,Saldanha,-33.0117,17.9442,54.07,61,0,13.24,ZA,2022-07-20 19:06:07
381,Balabac,7.9868,117.0645,81.28,78,93,5.21,PH,2022-07-20 19:09:19
382,Itacare,-14.2775,-38.9967,76.19,70,99,11.05,BR,2022-07-20 19:09:19
383,Leeuwarden,53.2014,5.8086,74.98,72,100,10.36,NL,2022-07-20 19:09:20
384,Korla,41.7597,86.1469,69.57,44,0,5.41,CN,2022-07-20 19:06:52
385,Chunskiy,56.0815,99.6342,52.65,94,22,2.3,RU,2022-07-20 19:09:20
386,Charters Towers,-20.1,146.2667,57.4,91,0,4.81,AU,2022-07-20 19:09:21
387,Luwingu,-10.2621,29.9271,69.37,40,96,8.37,ZM,2022-07-20 19:09:21
388,Linhai,28.85,121.1167,81.63,87,100,2.48,CN,2022-07-20 19:09:22
389,Umm Lajj,25.0213,37.2685,89.42,52,4,6.44,SA,2022-07-20 19:09:23
390,Leningradskiy,69.3833,178.4167,32.92,97,100,17.87,RU,2022-07-20 19:09:23
391,Waitara,-38.925,174.25,52.48,69,42,17.78,NZ,2022-07-20 19:09:24
392,Klyavlino,54.2649,52.0267,56.14,84,33,5.59,RU,2022-07-20 19:09:24
393,Segezha,63.7415,34.3222,61.95,73,0,13.02,RU,2022-07-20 19:09:25
394,Manakara,-22.1333,48.0167,65.43,89,50,6.38,MG,2022-07-20 19:09:25
395,Pitogo,13.7847,122.0881,79.14,88,100,3.04,PH,2022-07-20 19:09:26
396,La Fria,8.2203,-72.2439,86.11,43,44,6.78,VE,2022-07-20 19:09:26
397,Jerantut,3.936,102.3626,74.19,99,100,0.63,MY,2022-07-20 19:09:27
398,Fraga,41.5229,0.3489,92.23,47,0,16.4,ES,2022-07-20 19:09:27
399,Salinopolis,-0.6136,-47.3561,81.0,81,39,8.39,BR,2022-07-20 19:07:29
400,Victoria,22.2855,114.1577,87.33,85,19,5.01,HK,2022-07-20 19:07:52
401,Tuatapere,-46.1333,167.6833,42.31,84,100,2.39,NZ,2022-07-20 19:04:29
402,Port Moresby,-9.4431,147.1797,75.34,88,95,1.95,PG,2022-07-20 19:09:28
403,Sadon,42.8518,44.0037,60.82,90,48,5.01,RU,2022-07-20 19:09:29
404,Klaksvik,62.2266,-6.589,49.12,91,97,19.24,FO,2022-07-20 19:09:29
405,Sistranda,63.7256,8.834,60.76,96,100,2.1,NO,2022-07-20 19:09:30
406,Ugoofaaru,5.6667,73.0,80.82,76,100,14.85,MV,2022-07-20 19:09:30
407,Taksimo,56.3444,114.8794,63.18,91,100,3.65,RU,2022-07-20 19:09:31
408,Tura,25.5198,90.2201,74.97,97,100,5.77,IN,2022-07-20 19:10:31
409,Kangaatsiaq,68.3065,-53.4641,49.41,66,100,8.48,GL,2022-07-20 19:08:42
410,Alta Floresta,-9.8756,-56.0861,96.4,18,0,3.13,BR,2022-07-20 19:10:32
411,Jombang,-7.546,112.2331,71.51,88,5,7.92,ID,2022-07-20 19:10:33
412,Soyo,-6.1349,12.3689,71.69,84,96,10.09,AO,2022-07-20 19:10:33
413,Mareeba,-17.0,145.4333,63.45,90,10,1.95,AU,2022-07-20 19:10:34
414,Westport,41.1415,-73.3579,99.0,53,0,10.36,US,2022-07-20 19:10:34
415,Sozimskiy,59.7418,52.2482,52.97,96,55,3.29,RU,2022-07-20 19:10:35
416,Istria,44.5667,28.7167,74.35,54,93,10.31,RO,2022-07-20 19:10:35
417,Mazagao,-0.115,-51.2894,86.05,57,16,5.48,BR,2022-07-20 19:10:36
418,Dongli,23.5656,116.8194,81.64,84,8,2.8,CN,2022-07-20 19:10:36
419,Srandakan,-7.9386,110.2506,76.66,80,100,7.09,ID,2022-07-20 19:10:37
420,Lebork,54.5392,17.7501,72.43,68,0,8.86,PL,2022-07-20 19:10:37
421,Cassilandia,-19.1133,-51.7342,88.7,15,100,10.09,BR,2022-07-20 19:10:38
422,Lakes Entrance,-37.8811,147.981,42.53,83,1,5.79,AU,2022-07-20 19:10:38
423,Mezhdurechensk,53.6942,88.0603,53.06,96,100,3.87,RU,2022-07-20 19:10:39
424,Siilinjarvi,63.0833,27.6667,68.02,60,0,8.05,FI,2022-07-20 19:10:39
425,Quba,41.3626,48.5152,65.71,72,0,5.32,AZ,2022-07-20 19:10:40
426,Nanortalik,60.1432,-45.2371,52.63,79,19,13.96,GL,2022-07-20 19:10:40
427,Kapuskasing,49.4169,-82.4331,71.19,96,92,4.41,CA,2022-07-20 19:06:17
428,Bubaque,11.2833,-15.8333,76.37,92,100,16.82,GW,2022-07-20 19:10:41
429,Taree,-31.9,152.4667,57.11,100,100,6.91,AU,2022-07-20 19:08:21
430,Maldonado,-34.6667,-54.9167,62.22,72,0,11.18,UY,2022-07-20 19:10:42
431,Springfield,37.2153,-93.2982,102.9,36,0,8.05,US,2022-07-20 19:08:18
432,Fortuna,40.5982,-124.1573,66.92,77,36,1.99,US,2022-07-20 19:10:43
433,Cuenca,-2.8833,-78.9833,59.09,66,94,4.36,EC,2022-07-20 19:10:43
434,Mehamn,71.0357,27.8492,55.35,94,20,0.0,NO,2022-07-20 19:10:44
435,Saint-Francois,46.4154,3.9054,74.64,57,1,11.5,FR,2022-07-20 19:10:44
436,Deputatskiy,69.3,139.9,33.93,97,91,3.38,RU,2022-07-20 19:10:45
437,Margate,51.3813,1.3862,75.87,67,20,4.0,GB,2022-07-20 19:10:46
438,Cascais,38.6979,-9.4215,78.15,57,20,18.41,PT,2022-07-20 19:10:46
439,Santa Cruz,-17.8,-63.1667,87.85,37,7,18.41,BO,2022-07-20 19:10:47
440,Belmonte,-15.8631,-38.8828,76.32,67,6,10.6,BR,2022-07-20 19:10:47
441,Hualmay,-11.0964,-77.6139,66.29,71,54,9.84,PE,2022-07-20 19:10:48
442,Cidreira,-30.1811,-50.2056,63.09,84,0,15.46,BR,2022-07-20 19:10:48
443,Diebougou,10.9667,-3.25,74.82,86,85,4.74,BF,2022-07-20 19:10:49
444,Comandau,45.7667,26.2667,64.31,58,0,2.89,RO,2022-07-20 19:10:50
445,Bonavista,48.6499,-53.1147,64.09,83,100,23.96,CA,2022-07-20 19:10:50
446,Wilmington,34.2257,-77.9447,90.9,74,78,3.0,US,2022-07-20 19:10:51
447,Leh,34.1667,77.5833,66.6,17,100,10.4,IN,2022-07-20 19:10:51
448,Gat,31.61,34.7642,81.81,100,0,6.35,IL,2022-07-20 19:10:21
449,Lakatoro,-16.0999,167.4164,79.03,84,40,12.64,VU,2022-07-20 19:10:52
450,Eldoret,0.5204,35.2699,58.44,85,99,1.99,KE,2022-07-20 19:06:28
451,Progreso,21.2833,-89.6667,98.11,66,0,18.21,MX,2022-07-20 19:10:53
452,Ilula,-7.6766,36.0366,54.28,86,0,5.77,TZ,2022-07-20 19:10:53
453,Barzas,55.7167,86.3167,53.78,98,100,5.06,RU,2022-07-20 19:10:54
454,Dzhebariki-Khaya,62.2167,135.8,65.61,78,1,2.1,RU,2022-07-20 19:11:54
455,Trenggalek,-8.05,111.7167,72.57,94,78,3.67,ID,2022-07-20 19:11:55
456,Manono,-7.3,27.4167,83.77,33,100,3.94,CD,2022-07-20 19:11:55
457,Lappeenranta,61.0587,28.1887,68.56,56,0,8.05,FI,2022-07-20 19:11:56
458,Dali,25.7,100.1833,62.42,95,100,2.1,CN,2022-07-20 19:11:56
459,Palestine,31.9216,35.2033,73.35,82,0,10.4,PS,2022-07-20 19:11:57
460,Ahipara,-35.1667,173.1667,54.82,73,89,18.57,NZ,2022-07-20 19:11:57
461,Sept-Iles,50.2001,-66.3821,73.08,49,58,9.86,CA,2022-07-20 19:11:58
462,Quatre Cocos,-20.2078,57.7625,71.1,71,100,21.09,MU,2022-07-20 19:07:17
463,Manta,-0.95,-80.7333,82.18,65,20,11.5,EC,2022-07-20 19:11:58
464,Richards Bay,-28.783,32.0377,64.74,87,8,7.45,ZA,2022-07-20 19:11:59
465,Pacifica,37.6138,-122.4869,80.15,84,20,17.27,US,2022-07-20 19:11:59
466,Rocha,-34.4833,-54.3333,61.77,74,0,10.87,UY,2022-07-20 19:12:00
467,Samus,56.7475,84.6992,60.01,94,100,4.56,RU,2022-07-20 19:12:01
468,Senanga,-16.1167,23.2667,65.98,37,97,5.08,ZM,2022-07-20 19:12:01
469,Praia,14.9215,-23.5087,79.21,77,54,3.67,CV,2022-07-20 19:12:02
470,Leshukonskoye,64.8989,45.7622,67.26,59,81,4.63,RU,2022-07-20 19:12:02
471,Vestmanna,62.1564,-7.1664,47.32,93,100,17.27,FO,2022-07-20 19:12:04
472,Haines Junction,60.7522,-137.5108,54.84,56,100,7.56,CA,2022-07-20 19:12:04
473,Phulabani,20.4667,84.2333,74.71,89,100,5.46,IN,2022-07-20 19:12:05
474,Dire,12.2833,-10.9667,76.89,89,100,3.06,ML,2022-07-20 19:12:06
475,Porto Novo,6.4965,2.6036,75.54,70,93,9.08,BJ,2022-07-20 19:12:06
476,Barth,54.3635,12.7249,87.1,40,50,14.16,DE,2022-07-20 19:12:07
477,Piacabucu,-10.4056,-36.4344,75.69,86,86,13.29,BR,2022-07-20 19:12:07
478,Goroka,-6.0834,145.3873,61.2,97,100,0.65,PG,2022-07-20 19:12:08
479,Bucerias,20.75,-105.3333,89.98,62,100,4.61,MX,2022-07-20 19:12:08
480,Altos,-5.0381,-42.46,89.91,24,11,4.05,BR,2022-07-20 19:12:09
481,Taoudenni,22.6783,-3.9836,99.3,24,86,25.19,ML,2022-07-20 19:12:09
482,Ushtobe,45.2514,77.9838,71.01,26,0,9.06,KZ,2022-07-20 19:12:10
483,Kaili,-3.4626,120.2147,66.69,91,7,2.75,ID,2022-07-20 19:12:10
484,Caxias,38.7031,-9.2767,78.13,56,20,18.41,PT,2022-07-20 19:12:11
485,Aleksandrovka,46.8383,32.7612,74.88,49,70,6.24,UA,2022-07-20 19:12:12
486,Omsukchan,62.5333,155.8,49.53,45,100,6.26,RU,2022-07-20 19:12:12
487,Soto La Marina,23.7667,-98.2167,98.78,27,47,17.18,MX,2022-07-20 19:12:13
488,Buta,2.7858,24.73,70.86,98,100,1.39,CD,2022-07-20 19:12:14
489,Sedro-Woolley,48.5039,-122.2361,81.25,64,0,1.01,US,2022-07-20 19:12:14
490,Kyabe,9.4515,18.9449,73.53,93,100,2.73,TD,2022-07-20 19:12:15
491,Fairbanks,64.8378,-147.7164,60.76,73,75,5.75,US,2022-07-20 19:12:15
492,Grandola,38.1772,-8.5668,70.36,39,0,12.84,PT,2022-07-20 19:12:16
493,Tual,-5.6667,132.75,78.75,77,100,17.54,ID,2022-07-20 19:12:17
494,Ciudad Guayana,8.3533,-62.6528,83.89,75,49,2.91,VE,2022-07-20 19:12:17
495,Hambantota,6.1241,81.1185,78.87,84,95,19.04,LK,2022-07-20 19:12:18
496,Raudeberg,61.9875,5.1352,56.07,95,100,7.27,NO,2022-07-20 19:12:18
497,Stornoway,58.2093,-6.3865,57.92,88,75,10.36,GB,2022-07-20 19:12:19
498,Jijiga,9.35,42.8,59.5,91,97,9.93,ET,2022-07-20 19:13:19
499,Sao Joao Da Barra,-21.6403,-41.0511,77.09,74,34,13.15,BR,2022-07-20 19:12:36
500,Denton,33.2001,-97.1336,107.64,37,0,14.97,US,2022-07-20 19:13:20
501,Pemba,-12.974,40.5178,74.19,67,87,12.48,MZ,2022-07-20 19:13:21
502,Souillac,-20.5167,57.5167,67.42,75,67,19.55,MU,2022-07-20 19:09:51
503,La Rioja,42.25,-2.5,74.98,61,0,4.68,ES,2022-07-20 19:13:22
504,Vrangel,42.7297,133.0839,62.82,94,100,6.85,RU,2022-07-20 19:13:22
505,Sorland,67.667,12.6934,55.26,92,95,23.4,NO,2022-07-20 19:13:23
506,Svetlogorsk,52.6333,29.7333,56.25,80,0,6.51,BY,2022-07-20 19:13:23
507,Bay Roberts,47.5999,-53.2648,71.33,79,73,8.99,CA,2022-07-20 19:13:24
508,La Ronge,55.1001,-105.2842,64.78,52,100,13.49,CA,2022-07-20 19:13:24
509,Kasongo-Lunda,-6.4667,16.8167,77.95,56,72,1.59,CD,2022-07-20 19:13:25
510,Kenai,60.5544,-151.2583,55.49,85,100,10.36,US,2022-07-20 19:13:25
511,Itapetinga,-15.2489,-40.2478,74.86,66,100,6.49,BR,2022-07-20 19:13:26
512,Kloulklubed,7.0419,134.2556,81.95,74,32,1.32,PW,2022-07-20 19:13:26
513,Moldava Nad Bodvou,48.6143,20.9996,82.54,41,0,8.05,SK,2022-07-20 19:13:27
514,Puerto Colombia,10.9878,-74.9547,83.16,75,70,18.9,CO,2022-07-20 19:13:27
515,Chalons-En-Champagne,48.9539,4.3672,66.27,95,79,5.59,FR,2022-07-20 19:09:34
516,Takoradi,4.8845,-1.7554,74.61,70,72,8.55,GH,2022-07-20 19:13:28
517,Morant Bay,17.8815,-76.4093,91.71,67,7,14.29,JM,2022-07-20 19:13:28
518,Belyy Yar,53.6039,91.3903,55.29,88,0,0.0,RU,2022-07-20 19:13:29
519,Muzhi,65.3667,64.6667,60.1,67,100,6.62,RU,2022-07-20 19:13:29
520,Salinas,36.6777,-121.6555,92.57,59,0,11.5,US,2022-07-20 19:13:30
521,Buluang,13.3068,123.3425,77.94,90,96,3.29,PH,2022-07-20 19:13:30
522,Gwembe,-16.4975,27.6069,60.73,68,58,3.87,ZM,2022-07-20 19:13:31
523,Ahuacatlan,21.05,-104.4833,83.95,59,83,5.01,MX,2022-07-20 19:13:31
524,Nome,64.5011,-165.4064,48.27,82,100,18.41,US,2022-07-20 19:08:52
525,Nantucket,41.2835,-70.0995,89.74,89,0,13.71,US,2022-07-20 19:13:32
526,Batemans Bay,-35.7167,150.1833,52.11,87,100,2.73,AU,2022-07-20 19:13:33
527,Tabas,33.5959,56.9244,92.7,12,0,8.84,IR,2022-07-20 19:13:33
528,Hinton,53.4001,-117.5857,75.92,23,1,5.19,CA,2022-07-20 19:13:34
529,Chiang Rai,19.9167,99.9167,75.58,99,100,0.81,TH,2022-07-20 19:13:34
530,Andenes,69.3143,16.1194,59.94,94,75,3.44,NO,2022-07-20 19:13:35
531,Ukiah,39.1502,-123.2078,100.44,23,0,1.01,US,2022-07-20 19:12:50
532,Tooele,40.5308,-112.2983,91.89,30,0,8.05,US,2022-07-20 19:13:35
533,Athens,37.9795,23.7162,81.16,40,0,5.75,GR,2022-07-20 19:09:42
534,Mamallapuram,12.6264,80.1722,84.06,75,100,9.19,IN,2022-07-20 19:13:36
535,Kaoma,-14.7833,24.8,65.62,47,73,6.13,ZM,2022-07-20 19:13:37
536,Gewane,10.1664,40.6453,80.2,53,100,7.9,ET,2022-07-20 19:13:37
537,Jati,24.3539,68.2671,83.46,82,100,17.49,PK,2022-07-20 19:13:38
538,Pervomayskoye,43.919,46.7102,69.01,80,19,4.63,RU,2022-07-20 19:13:38
539,Hirado,33.3597,129.5531,81.39,94,100,12.17,JP,2022-07-20 19:13:39
540,Penzance,50.1186,-5.5371,63.28,75,6,14.74,GB,2022-07-20 19:13:39
541,Sorkjosen,69.8,20.9333,68.0,56,100,11.5,NO,2022-07-20 19:13:40
542,Yamada,39.4667,141.95,67.66,96,97,4.27,JP,2022-07-20 19:13:40
543,Barcelos,41.5388,-8.6151,84.92,61,0,4.88,PT,2022-07-20 19:13:41
544,Lasa,46.6166,10.7002,70.07,83,62,3.78,IT,2022-07-20 19:13:41
545,Lavrentiya,65.5833,-171.0,39.9,95,100,14.81,RU,2022-07-20 19:13:42
546,Taitung,22.7583,121.1444,81.54,81,6,3.98,TW,2022-07-20 19:13:42
547,Pisco,-13.7,-76.2167,60.85,88,100,5.75,PE,2022-07-20 19:14:43
548,Velikovechnoye,44.934,39.755,71.15,84,0,7.63,RU,2022-07-20 19:14:43
